{"chunk_definitions":[{"row":23,"row_count":1,"visible":true,"expansion_state":0,"options":{"engine":"r","include":false,"warning":false,"results":false,"label":"unnamed-chunk-44"},"document_id":"94562877","chunk_id":"c1r4xc2zvci68","chunk_label":"unnamed-chunk-1"},{"row":44,"row_count":1,"visible":true,"expansion_state":0,"options":{"engine":"r","label":"S S s n n f  f","error":true},"document_id":"94562877","chunk_id":"ccqtlz8doy5eh","chunk_label":"\"S S s n n ff\""}],"doc_write_time":1664467743,"chunk_rendered_width":400}