{"chunk_definitions":[{"row":9,"row_count":1,"visible":true,"expansion_state":0,"options":{"engine":"r","label":"setup","include":false},"document_id":"6D16B34D","chunk_id":"csetup_chunk","chunk_label":"setup"},{"row":25,"row_count":1,"visible":true,"expansion_state":0,"options":{"engine":"r","include":false,"warning":false,"results":false,"label":"unnamed-chunk-3"},"document_id":"6D16B34D","chunk_id":"c3dmh9sue318e","chunk_label":"unnamed-chunk-1"},{"row":43,"row_count":1,"visible":true,"expansion_state":0,"options":{"engine":"r","label":"TEST","error":true,"warning":false},"document_id":"6D16B34D","chunk_id":"c9uqrcqdga8fz","chunk_label":"\"TEST\""}],"doc_write_time":1664495153,"chunk_rendered_width":573}