{"chunk_definitions":[{"row":20,"row_count":1,"visible":true,"expansion_state":0,"options":{"engine":"r","label":"setup","include":false},"document_id":"1509FFBB","chunk_id":"csetup_chunk","chunk_label":"setup"},{"row":41,"row_count":1,"visible":true,"expansion_state":0,"options":{"engine":"r","include":false,"warning":false,"results":false,"label":"unnamed-chunk-1"},"document_id":"1509FFBB","chunk_id":"cix6ykn885vu8","chunk_label":"unnamed-chunk-1"},{"row":61,"row_count":1,"visible":true,"expansion_state":0,"options":{"engine":"r","label":"TEST","error":true,"warning":false},"document_id":"1509FFBB","chunk_id":"ctcxztp39c76s","chunk_label":"\"TEST\""}],"doc_write_time":1665431515,"working_dir":null,"default_chunk_options":{"echo":true},"chunk_rendered_width":400}