{"working_dir":null,"default_chunk_options":{"echo":true},"chunk_definitions":[{"row":9,"row_count":1,"visible":true,"expansion_state":0,"options":{"engine":"r","label":"setup","include":false},"document_id":"770EDDA2","chunk_id":"csetup_chunk","chunk_label":"setup"},{"row":19,"row_count":1,"visible":true,"expansion_state":0,"options":{"engine":"r","label":"cars"},"document_id":"770EDDA2","chunk_id":"cymcco5w9k3hv","chunk_label":"cars"},{"row":27,"row_count":1,"visible":true,"expansion_state":0,"options":{"engine":"r","label":"pressure","echo":false},"document_id":"770EDDA2","chunk_id":"c4ndwu7a2dt5h","chunk_label":"pressure"}],"doc_write_time":7022329125011274784,"chunk_rendered_width":633}